id,username,created_at,lng,lat,text
1517612901078601729,PattieGillett,Fri Apr 22 21:14:46 +0000 2022,-75.117998,40.0048655,"Well done, @DCComics."
1517612901263364097,D_Blanchflower,Fri Apr 22 21:14:46 +0000 2022,-71.566171,44.00123,@DavidCrickmer @bankofengland Thanks üôè
1517612900743004164,bhhsblake,Fri Apr 22 21:14:46 +0000 2022,-73.677594,43.337048,Bob Sears would love to show you the #listing at 20 Sweet Road #Queensbury #NY  #realestate https://t.co/BO9mN5kct8 https://t.co/lpojH5Ofc1
1517612900516458496,TritonCandles,Fri Apr 22 21:14:46 +0000 2022,-115.167614,36.114039,Triton Candles in Las Vegas! üé∞üïØNeed a candle for your casino room?! Get in touchüòÄ! https://t.co/qkHwStuplG Trit‚Ä¶ https://t.co/Xp6CqvD2y4
1517612902882193421,cduvall30,Fri Apr 22 21:14:46 +0000 2022,-96.7311425,43.5410145,@liz10037 @MichaelPaletta3 Favorite rapper
1517612902928244748,dan_kammen,Fri Apr 22 21:14:46 +0000 2022,-77.101999,38.8808445,Pretty damn cool when 180 MW storage projects get barely a ripple in the press ‚Ä¶@Tesla and other developers ‚Ä¶ we‚Ä¶ https://t.co/9lmdjC3Abe
1517612906610933761,CaroleHopeNels1,Fri Apr 22 21:14:47 +0000 2022,-87.985599,41.727249,"@TiggyB8 Yes, explain to me again why they need an Intimacy coach????? It somehow escapes me!"
1517612908162822144,CelticVixxen,Fri Apr 22 21:14:47 +0000 2022,-95.25049523,29.99877948,"I'm at @SONICDriveIn in Humble, TX https://t.co/9vfNlNXuZN"
1517612908217217024,sadaeee,Fri Apr 22 21:14:47 +0000 2022,-119.2289915,34.289689499999994,Catching up on #rhobh and I love @KathyHilton. She won me over walking in with that @DelTaco
1517612908796022785,__tier,Fri Apr 22 21:14:47 +0000 2022,-118.4119065,34.0207895,Lmfao üò©ü§£üòÇ
1517612908858908672,bb_mariaa,Fri Apr 22 21:14:48 +0000 2022,-112.283112,33.615955,Im having the hardest time being productive at work today üò≠
1517612909307711488,ChrisTrampy,Fri Apr 22 21:14:48 +0000 2022,-122.27952149999999,37.8758455,@smerkkk I thought she just broke character for a sec
1517612908808740864,firststartcs,Fri Apr 22 21:14:48 +0000 2022,-86.13244850000001,39.9632495,Fun afternoon painting some cool treats today üòé We are ready for Summer ‚òÄÔ∏è #firststartcs #firststartartstudio https://t.co/fAeHzSsPAu
1517612909567918082,sk8boardsam15,Fri Apr 22 21:14:48 +0000 2022,-71.683502,42.036939000000004,"@tsolano91 She said, ‚ÄúLook. You‚Äôre fine. Now about all this merch in my cart. Ima need it.‚Äù ü§£üíÄ"
1517612909731450880,jpoole347,Fri Apr 22 21:14:48 +0000 2022,-71.496999,43.22114,Friday starts early with my Mom‚Äôs Birthday Dinner! üòÅü•≥
1517612910645846016,BaileyCarlin,Fri Apr 22 21:14:48 +0000 2022,-73.9487755,40.655138,@GerryCarlin 12 chairs in Williamsburg
1517612911543287808,PatrickChiotti,Fri Apr 22 21:14:48 +0000 2022,-122.6165965,45.3923145,"Based on what the Cowboys need, Earl Thomas should be a guy they go get, just for the veteran leadership.We all k‚Ä¶ https://t.co/chNZjtnJoy"
1517612912747057152,mikecaron_la,Fri Apr 22 21:14:48 +0000 2022,-118.325145,34.182159999999996,Check out Mike Caron's video! #TikTok https://t.co/5OCzxzkDNECOOPER BARNES IS ON TIKTOK!!! Check out my video on‚Ä¶ https://t.co/MOSf75pfAt
1517612913569243137,RebelRo11052089,Fri Apr 22 21:14:49 +0000 2022,-86.45774449999999,32.468104,Hate crime
1517612913527119874,SAngelicaMusic,Fri Apr 22 21:14:49 +0000 2022,-75.4725,41.2531,"Just posted a photo @ Big Bass Lake, Pennsylvania https://t.co/DRRbHkU2TP"
1517612914131316736,billy29b,Fri Apr 22 21:14:49 +0000 2022,-80.11290349999999,26.533486,@danorlovsky7 @nyjets Noooooooo !!!! I‚Äôm a Bucs fan &amp; he‚Äôs gunna be a superstar with the right team &amp; there definitely not the right team ..
1517612915574157314,vaccine_enjoyer,Fri Apr 22 21:14:49 +0000 2022,-79.861034,35.1704985,Hunting for a gas station that lets you poop there
1517612917532680192,CDouchekowski,Fri Apr 22 21:14:50 +0000 2022,-104.92209349999999,39.713563,@Top_Shelf_Yoga That's dope af!
1517612917876830208,IAMYUNGTIP,Fri Apr 22 21:14:50 +0000 2022,-79.42086499999999,38.003375500000004,Sea weed and whale sperm.
1517612918409502727,mal_weil,Fri Apr 22 21:14:50 +0000 2022,-86.1429225,39.7795625,@ahoward1126 Heroes ü¶∏üèª üì∫
1517612920049336320,hardROClife,Fri Apr 22 21:14:50 +0000 2022,-73.9487755,40.655138,@KMJeezy That Cooper Sharp is elite tho https://t.co/iM5isqJdkf
1517612920749895682,prettitrace_,Fri Apr 22 21:14:50 +0000 2022,-75.117998,40.0048655,The most beautiful woman to walk the earth. Me. üåèüåéüåç happy earth day. ‚ö∞Ô∏èü¶Ç
1517612921152544769,ava_no1,Fri Apr 22 21:14:50 +0000 2022,-86.1429225,39.7795625,I hope the @Uber driver who cancelled on me after seeing me walking down the street I hope everyone pukes in your car
1517612921244770305,usedcarfactoryj,Fri Apr 22 21:14:50 +0000 2022,-81.546962,30.287482,Just posted a photo @ Used Car Factory LLC. https://t.co/n3xaN02pKO
1517612921332899845,drysoups,Fri Apr 22 21:14:50 +0000 2022,-83.9638415,35.9824705,happy earth day. please listen to scientists :)
1517612921764864001,TeenalovesGod7,Fri Apr 22 21:14:51 +0000 2022,-88.838595,35.644324999999995,@ogKerht @CashApp I been homeless since Jan 2022 .my husband died and left us no money he was the provider. I pray‚Ä¶ https://t.co/p2ui0HHSHV
1517612922050129921,TemplinJay,Fri Apr 22 21:14:51 +0000 2022,-79.42086499999999,38.003375500000004,"@VoteGloriaJ It‚Äôs interesting to see people insist that 18 year olds are old enough to vote, join the military or s‚Ä¶ https://t.co/pwLSrhfRZj"
1517612922163240961,dhmspector,Fri Apr 22 21:14:51 +0000 2022,-122.4359785,37.7706565,@PaolaNotPaolo Congratulations!! üéâ
1517612923622989825,ReturnOfTheSac,Fri Apr 22 21:14:51 +0000 2022,-81.1096165,32.0172845,I mean from a non New York Giants dumpster fire organization standpoint he's not wrong.   It's why this franchise h‚Ä¶ https://t.co/pf6mMFMaMB
1517612924654653440,tmj_orf_adv,Fri Apr 22 21:14:51 +0000 2022,-76.2858726,36.8507689,"Join the CROSSMARK team! See our latest #EventsMarketing job openings, including ""PRODUCT / EVENT DEMONSTRATOR - PA‚Ä¶ https://t.co/itebQUF8nZ"
1517612925388697601,tmj_MAW_secure,Fri Apr 22 21:14:51 +0000 2022,-71.8022934,42.2625932,"Allied Universal is hiring in Worcester, MA! Click the link in our bio to apply: Security Officer Multi Coverage In‚Ä¶ https://t.co/GeF5KquiyY"
1517612924629659654,G_Alexander209,Fri Apr 22 21:14:51 +0000 2022,-121.30042549999999,37.980826,@marknorm - Your Twitter joke has been made into a t-shirt?!?! https://t.co/8A9MmtAaLU
1517612925694844928,tmj_TOL_secure,Fri Apr 22 21:14:52 +0000 2022,-83.627157,41.556996,Looking to score a job at Allied Universal? You're in luck. Click the link in our bio for the job description and i‚Ä¶ https://t.co/UPCc2KWPMZ
1517612927146205189,Ochotexto19,Fri Apr 22 21:14:52 +0000 2022,-79.9806895,40.431388999999996,Some of these female NFL football analysts are excellent; some not so much. Kinda the same as the guy analysts. Go figure !
1517612927594995712,AaronWL42,Fri Apr 22 21:14:52 +0000 2022,-86.6807375,32.576227,@slh78_w04 Most likely üòÅ
1517612927502766081,deecee1220,Fri Apr 22 21:14:52 +0000 2022,-93.666378,32.5246725,ABSOLUTELY
1517612928693948416,reneknottsports,Fri Apr 22 21:14:52 +0000 2022,-90.5812485,38.651686999999995,Do you have one of these üëáüèø
1517612928194678784,MayaEsparzaSJ,Fri Apr 22 21:14:52 +0000 2022,-121.8737305,37.331159,It‚Äôs happening!Join us Sat 5/7 10am-12pm for the Ribbon Cutting of the first-ever dog park in District 7! Located‚Ä¶ https://t.co/TXwBeBDDWF
1517612929511739393,whaariahh,Fri Apr 22 21:14:52 +0000 2022,-83.1738665,32.6782075,being a simp is top 10 worse ways to be
1517612930057052161,_NoCatfish,Fri Apr 22 21:14:53 +0000 2022,-76.62048200000001,39.284712999999996,@taylahsCREATOR_ @BigKey04 Okay I‚Äôm bout to send you my number let me know when you on your way
1517612931029999616,Craftysince1990,Fri Apr 22 21:14:53 +0000 2022,-119.30660750000001,37.2691755,Where is @fleekwoodmac_
1517612929910255617,WinDepotRestaur,Fri Apr 22 21:14:53 +0000 2022,-73.920374,40.75205,"Kebab grill, bbq grills now in stock! Let‚Äôs get ready for outdoor food! Come visit our store @WinDepotRestaur https://t.co/QVjCydlQiB"
1517612930052800514,RalphsFamous,Fri Apr 22 21:14:53 +0000 2022,-74.0889,40.6303,4th generation helping us out at Port Richmond!..#openingday #ralphsfamous #ralphsices #portrichmond‚Ä¶ https://t.co/RedapZ1tDO
1517612931957014530,dead_inside_154,Fri Apr 22 21:14:53 +0000 2022,-80.18183450000001,38.9201425,@Talon_hearts üò°üí¢ Fine! I'll go beat off to star's edits! *storms off*Moonbright: *trembles*
1517612932837818377,BIGREDTHEVOICE,Fri Apr 22 21:14:53 +0000 2022,-80.84251602,35.22548514,#BIGREDTHEVOICE SAID : Ran into a Great Man here !! PASTOR MARLON ! WE TALKED GOD TALK !! @freedomrainchurch üôèüèΩüôèüèΩüôèüèΩ‚Ä¶ https://t.co/SwSG7RmHfs
1517612933349445632,gvbbylvls,Fri Apr 22 21:14:53 +0000 2022,-117.21791999999999,33.921924000000004,Saving the world day by day üíï
1517612935501127681,justdirk67,Fri Apr 22 21:14:54 +0000 2022,-122.4359785,37.7706565,"With the kerfuffle going on in Florida, why not have @elonmusk buy the park and turn it into a farcical playground‚Ä¶ https://t.co/0YyN4yH7XR"
1517612935799087105,Jenna_Bird,Fri Apr 22 21:14:54 +0000 2022,-75.117998,40.0048655,"On this Earth Day, I'm reminded of all the friends I've lost because they got sick of me yelling at them for litter‚Ä¶ https://t.co/WZsscQB0dI"
1517612936252076036,Raine41879,Fri Apr 22 21:14:54 +0000 2022,-75.117998,40.0048655,@RealJamesWoods Happy Belated Birthday @RealJamesWoods üéÇ we share the same Birthday 4/18 Can I finally after all t‚Ä¶ https://t.co/McgqxaZKOf
1517612936910442497,TheOneChameleo1,Fri Apr 22 21:14:54 +0000 2022,-84.433106,33.7671945,@roknrolzombie @bleudawn7 That's wild.  An A- is rad.
1517612937149829120,ImpatienTourist,Fri Apr 22 21:14:54 +0000 2022,-79.2725695,43.629311,One things folks not gonna do is tell me how to be on MY social media
1517612937078362113,bangor_tennis,Fri Apr 22 21:14:54 +0000 2022,-75.208285,40.866994000000005,Go Music Team!
1517612937904631818,rekluse_0319,Fri Apr 22 21:14:54 +0000 2022,-90.24782400000001,38.653771,I‚Äôm on there too!!! Check it out!!!
1517612938550562818,iwaspoisoned_,Fri Apr 22 21:14:55 +0000 2022,-96.3508911,30.6438236,"H-E-B, Lucky Charms - Bryan, Texas - Friday morning ,  Lucky charms¬† Stomach cramps.  I had nothing else to eat aft‚Ä¶ https://t.co/B2rfvXGi8I"
1517612938831478785,RevelRealty,Fri Apr 22 21:14:55 +0000 2022,-79.2736,43.0006,Chad Gale would love to show you the #listing at 72 Glen Park Drive #Welland #ON  #realestate‚Ä¶ https://t.co/hULgRgaSSz
1517612943470436352,CelticVixxen,Fri Apr 22 21:14:56 +0000 2022,-95.26279449,29.99902338,I'm at City of Humble in TX https://t.co/D6QAubHIgK
1517612944380600320,BeauRehm,Fri Apr 22 21:14:56 +0000 2022,-71.683502,42.036939000000004,tbh i don‚Äôt trust people with NFT profile pictures
1517612944892346369,Grammyvotes2022,Fri Apr 22 21:14:56 +0000 2022,-79.42086499999999,38.003375500000004,@KittyCourts2 @LindforsNina @b_nishanov He may indeed deserve it as a man. However hes controlling a country and in‚Ä¶ https://t.co/awtjwWucn8
1517612945458540545,KevinLa17106672,Fri Apr 22 21:14:56 +0000 2022,-86.4355085,36.965671,@Acyn She couldn't read it if she had one.
1517612945848512512,GradolfTeresa,Fri Apr 22 21:14:56 +0000 2022,-122.791854,45.424870999999996,@wynneellyn Psalms91
1517612945773060097,iMarcky,Fri Apr 22 21:14:56 +0000 2022,-76.535528,36.8100165,Tryna milk a game that is only 2%
1517612945039052802,TreyCoulter,Fri Apr 22 21:14:56 +0000 2022,-92.13127399999999,34.7519365,Freeze branding browns @ Norfork National Fish Hatchery this week  https://t.co/6Xcp0oge8G https://t.co/1DjEzLwfko
1517612946683318272,JosephC26713261,Fri Apr 22 21:14:57 +0000 2022,-73.9487755,40.655138,"@Acyn The majority of the Republican members sitting in Congress they are either conspirators, liars or cowards and‚Ä¶ https://t.co/tRvZ4eRTLf"
1517612946796552194,Ofthewinds45,Fri Apr 22 21:14:57 +0000 2022,-83.804475,27.698681999999998,@BleffyII @Jack_McInally @PanicAtTheBisto @hearford456 @MarchalOmbre_ @aberilious @monty_swift He's definitely got issues.
1517612947329241088,dew_hayes,Fri Apr 22 21:14:57 +0000 2022,-78.8339105,35.833840499999994,@chantel_mccabe Hey @chantel_mccabe it‚Äôs @dew_hayes I know you‚Äôre very very busy but I just wanted to tell you grea‚Ä¶ https://t.co/jvtefuKe6O
1517612946498617345,derekbowen,Fri Apr 22 21:14:56 +0000 2022,-123.93499800000001,49.1745345,Thanks @CanadaElectrify for the free juice on #EarthDay2022 https://t.co/TQiGGJRGuD
1517612947744337920,imnotdeja,Fri Apr 22 21:14:57 +0000 2022,-115.223125,36.232915,This is my friend !!! We a packed deal !!!
1517612948591726599,PopePoolPicks,Fri Apr 22 21:14:57 +0000 2022,-90.833088,29.7945535,@NHL play of the day @BSSportsbook https://t.co/FSxbuMDKKK
1517612949728219136,daniel_jackett,Fri Apr 22 21:14:57 +0000 2022,-83.685001,43.128059,"@CodyStavenhagen While I'm surprised Breiske was the first non-40 man starter chosen, I liked what I saw last season"
1517612949778485248,test5f1798,Fri Apr 22 21:14:57 +0000 2022,-80.0505398,40.4313474,near bsgstblender: be487ef9-8021-400a-8ac5-3caa029c7315
1517612951288619009,Misty21313697,Fri Apr 22 21:14:58 +0000 2022,-98.319925,38.498196,@BetoORourke Let‚Äôs get it done Beto!
1517612952307650560,denkvs,Fri Apr 22 21:14:58 +0000 2022,-104.92209349999999,39.713563,@LisaMarieBoothe @RepMTG The voters DID decide! What is wrong with you???
1517612953188642818,TheRightDuff,Fri Apr 22 21:14:58 +0000 2022,-77.0143985,38.898602999999994,"@MaxNordau Noted shrinking violet, Ron DeSantis ‚Äî famously camera shy ‚Äî will sign the map in secret."
1517612953717157899,Senorgordo,Fri Apr 22 21:14:58 +0000 2022,-75.117998,40.0048655,Harden greatness appreciation üëèüèæüëèüèæ
1517612954543222784,doodybeardLIVE,Fri Apr 22 21:14:58 +0000 2022,-118.4119065,34.0207895,@blizzb3ar Niiiiiiiiiice
1517612956405559297,cpeltier007,Fri Apr 22 21:14:59 +0000 2022,-104.92209349999999,39.713563,@acweyand @gbosslet @ETSshow: there is only one place to settle this.  IN THE LOCKER ROOM #MedLasso
1517612956233740289,WillCleveland13,Fri Apr 22 21:14:59 +0000 2022,-75.77004099999999,42.746617,Just a perfect spring afternoon ‚Äî enjoying this absurd @HillFarmstead double barrel Damon imperial stout and listen‚Ä¶ https://t.co/wxlaE49hCg
1517612959186534400,Dragontrybe424,Fri Apr 22 21:15:00 +0000 2022,-96.994833,32.768591,I wouldn‚Äôt trust her to handle food.
1517612958750322690,DMGolliday6,Fri Apr 22 21:14:59 +0000 2022,-90.33429,38.629935,ü•∫ü•∫üåπüåπ‚ÄºÔ∏è‚ÄºÔ∏è Rosebuds We going up tonight üåπ‚ÄºÔ∏è‚ÄºÔ∏è‚ÄºÔ∏è https://t.co/lReuB4DFsh
1517612959450632192,MikeDaLGND,Fri Apr 22 21:15:00 +0000 2022,-111.54702900000001,39.499762000000004,@Bilious98 Thanks
1517612959828172805,SocialBiz_MC,Fri Apr 22 21:15:00 +0000 2022,-80.2581375,26.331723,@Dylan_Michel_ @sarahwhit10 @GovRonDeSantis Thank you for being one of the good guys. ‚ù§Ô∏è
1517612959777931264,chelleyrock,Fri Apr 22 21:15:00 +0000 2022,-121.45279262,38.55400471,Multiple Myeloma Warrior‚Ä¶.that‚Äôs me!! üí™üèæ‚ù§Ô∏èüôèüèΩüíú #effcancer #cancersucks #multiplemyeloma #warrior #fighter @ UC Davis‚Ä¶ https://t.co/syXJaeoQa6
1517612960319000576,FirstName_Ant,Fri Apr 22 21:15:00 +0000 2022,-80.8467855,35.209058999999996,Gonna be a good night man
1517612960558063622,KathyDickson,Fri Apr 22 21:15:00 +0000 2022,-97.552161,35.4828435,@HistoryGonWrong It appears they didn't think that one through
1517612961015103488,lizzykitts,Fri Apr 22 21:15:00 +0000 2022,-118.11307550000001,33.8446495,@adrixosenpai Mucho cookies üç™ üòè
1517612963519246336,PeterEg28664745,Fri Apr 22 21:15:01 +0000 2022,-80.3900855,43.720425500000005,@Jyates5 The US is actually has a very small contribution relative to its GNI but because of its enormous budget re‚Ä¶ https://t.co/wwTW6pXtUw
1517612964303581186,freaky_kg,Fri Apr 22 21:15:01 +0000 2022,-93.2380345,33.273802,@Signal23TV  I‚Äôm just Tryna audition üò©üò≠üò≠
1517612966824226816,tmj_MNS_retail,Fri Apr 22 21:15:01 +0000 2022,-94.2177161,45.5519028,"Fresh Thyme Market is hiring in #WaitePark, MN! Click the link in our bio to apply: meat clerk #Meatmanager"
1517612967193370627,FollowMa_Lead,Fri Apr 22 21:15:01 +0000 2022,-75.117998,40.0048655,The job I really wanted isn‚Äôt gonna come through üòî yeah bro I‚Äôm in a mood today.
1517612967113728006,carpoolworld,Fri Apr 22 21:15:01 +0000 2022,-122.3044697,49.0504377,#Carpool #Abbotsford -&gt; #Edmonton rideshare #splitcosts https://t.co/TkqgIreK9V
1517612965494669314,carpoolworld,Fri Apr 22 21:15:01 +0000 2022,-83.9207392,35.9606384,#Carpool #Knoxville -&gt; #Nashville rideshare https://t.co/atDikPLDvy
1517612967818571776,SluttyVeganATL,Fri Apr 22 21:15:02 +0000 2022,-84.433106,33.7671945,"We‚Äôre teaming up with @Nlechoppa1 for the release of his new single, #SlutMeOut! üî•üå±üé∂Starting tomorrow, April 23,‚Ä¶ https://t.co/LsdvFZfXXR"
1517612969173024768,tmj_VAW_pharm,Fri Apr 22 21:15:02 +0000 2022,-77.2612591,39.171677,"At CVS Health, we offer a diverse work experience that empowers colleagues for career success. Learn how we foster‚Ä¶ https://t.co/Gk5JZVrBvc"
1517612969852653568,Julys1stBabyy,Fri Apr 22 21:15:02 +0000 2022,-81.419219,28.699778000000002,Gotti signing lil poppa. That has to be who he was talking about.
1517612970850885635,Wild_Bill_OU,Fri Apr 22 21:15:02 +0000 2022,-98.716992,35.3090465,@WooPig1983 Oh well. It was $20 for both of them
1517612970968289285,TracyArtym,Fri Apr 22 21:15:02 +0000 2022,-92.4367735,38.3045585,@FetchRewards Planted a tree!!
1517612971706531846,SlapMyDinosaur,Fri Apr 22 21:15:02 +0000 2022,-83.1738665,32.6782075,vulnerability makes me sick sometimes. then other times I surrender to it &amp; the outcome is beautiful.
1517612972041986049,iAmThinkingRich,Fri Apr 22 21:15:03 +0000 2022,-84.433106,33.7671945,@Yej__ You have SFR experience?
1517612973400936448,XRPNews_,Fri Apr 22 21:15:03 +0000 2022,-83.804475,27.698681999999998,2023 it is!Let's go #xrp
1517612973438607361,mistahbuhau,Fri Apr 22 21:15:03 +0000 2022,-121.9552285,37.280837000000005,"@katrinagulliver Go measure a skull, bigot."
1517612974055116800,figueroa_mr,Fri Apr 22 21:15:03 +0000 2022,-117.2821715,33.832867,"@MongoosePower17 You obviously didn‚Äôt read the article. You are correct, I don‚Äôt particularly care for egoists. Lik‚Ä¶ https://t.co/8L2vWxi7Fn"
1517612973992280064,DavidMPollack,Fri Apr 22 21:15:03 +0000 2022,-122.42311849999999,37.6587985,Congratulations to @ThriveAlliance and the Voter Education &amp; Outreach Advisory Committee (VEOAC) it established!‚Ä¶ https://t.co/shwxOliwtg
1517612975833731074,SuziDunn2,Fri Apr 22 21:15:03 +0000 2022,-76.069946,36.8025415,@TonyAtamanuik Looking great. You and your mom
1517612976093679622,sunwavemtncave,Fri Apr 22 21:15:04 +0000 2022,-90.011008,29.982601,It‚Äôs wild that even graveyards have a VIP section‚Ä¶everyone‚Äôs the same amount of dead
1517612976735465473,bacardiiiiixxx,Fri Apr 22 21:15:04 +0000 2022,-81.20871,35.719387,Got two round asses of your choice üòè #gay #LGBT #Beating #bi #bisexual #straight #transgender #GenZ #Pronouns‚Ä¶ https://t.co/MZzoyujIJe
1517612977557577728,JxdvnBuilds,Fri Apr 22 21:15:04 +0000 2022,-95.087029,29.497157,@sharktoofs1 It‚Äôs a horror classic
1517612977926590464,Scottslifeeh,Fri Apr 22 21:15:04 +0000 2022,-80.4764035,43.43024,@BrianEskow Legalize drugs and prison reform
1517612978048159745,notnathanc,Fri Apr 22 21:15:04 +0000 2022,-116.9667975,32.7657605,Hyped off this eprom set right now
1517612978362744832,trip_meta,Fri Apr 22 21:15:04 +0000 2022,-118.4119065,34.0207895,D.M.T.  ‚Ä¶.. C.A.T. ‚Ä¶.. same difference @CosmicCats_ https://t.co/luIvgmCiST
1517612978610360326,JimenezSellsTX,Fri Apr 22 21:15:04 +0000 2022,-98.5406515,29.417501,@rssanch86 Did you tell him this‚Ä¶ ü§£ü§£ https://t.co/Xp5ph26s0Q
1517612979688202240,terintinojones5,Fri Apr 22 21:15:04 +0000 2022,-83.099288,42.3527865,@4myreezy follow back
1517612979704852480,freekhustler,Fri Apr 22 21:15:04 +0000 2022,-115.23443549999999,36.0188045,@puppiwii Red always
1517612980413911042,lososavage58,Fri Apr 22 21:15:05 +0000 2022,-87.74796549999999,43.7485585,So who's free next Saturday for the cubbies vs brewcrew game
1517612979839135746,WaxAlmighty,Fri Apr 22 21:15:04 +0000 2022,-118.4119065,34.0207895,NEW SHORTS ARE BOOMIN üò± Also new video tomorrow at 2pm pay ‚ô•Ô∏è‚ô•Ô∏è‚ô•Ô∏èü§∑üèªü§∑üèªSub to my YT? https://t.co/4avvEj3fz5 https://t.co/7VaNjWGH6p
1517612980589846528,iembot_gjt,Fri Apr 22 21:15:05 +0000 2022,-105.5508905,38.997935999999996,"At 2:48 PM MDT, 4 NNE Powderhorn [Gunnison Co, CO] MESONET reports NON-TSTM WND GST of M77 MPH. MESONET STATION HME‚Ä¶ https://t.co/SaRqm74CRT"
1517612982003453953,MattMartinGFT,Fri Apr 22 21:15:05 +0000 2022,-81.068782,35.1101325,I have no idea what‚Äôs going on with the Hornets right now ‚Ä¶
1517612982640947200,trillxlv,Fri Apr 22 21:15:05 +0000 2022,-117.58193,47.489532,Happy 24 years of life to me üéÇü•∞
1517612982771007491,TheHistoryOfTh2,Fri Apr 22 21:15:05 +0000 2022,-97.754724,30.323345500000002,@katebcarp Well-played.
1517612984117473281,mattyglesias,Fri Apr 22 21:15:05 +0000 2022,-77.0143985,38.898602999999994,@besttrousers @jdcmedlock The problem that was insufficiently acknowledged back that is that ‚ÄúUI is holding back th‚Ä¶ https://t.co/xSaYZlI2wW
1517612984985702407,everylotsf,Fri Apr 22 21:15:06 +0000 2022,-122.39627,37.73541,142 Bridgeview Drive https://t.co/Xy4gdghAXB
1517612988026392576,IAmRobRyan,Fri Apr 22 21:15:06 +0000 2022,-118.4119065,34.0207895,@Mat_Sherman Yeah the Miami one doesn‚Äôt fit. It‚Äôs a blip on global capital economy presently üòÇüòÇü§î El futuro es temp‚Ä¶ https://t.co/fIAn7PFcd4
1517612989540712448,LaurenceTobias1,Fri Apr 22 21:15:07 +0000 2022,-73.554097,41.0983345,@SamRobertsWX Beautiful! Is that you??
1517612989188395009,karmasparadise_,Fri Apr 22 21:15:07 +0000 2022,-89.8081135,33.765961000000004,Just a girl boss building her empire üíÉüèæ Happy FriYay ‚ú®üè∑#graphicdesigner #GirlBoss #bossqoutes #karmasparadise‚Ä¶ https://t.co/pbfNJjharY
1517612990379569159,CappadoniaE,Fri Apr 22 21:15:07 +0000 2022,-77.60468399999999,41.1179365,@atrupar Exactly
1517612992032292864,brian_phares,Fri Apr 22 21:15:07 +0000 2022,-75.77004099999999,42.746617,attention @CzarStuff
1517612994380779522,orjuelajeffer,Fri Apr 22 21:15:08 +0000 2022,-117.851089,33.842863,@baconesq What‚Äôs your arguments? $DAG have a similar competitors like $HNT or $MXC. $GALA doesn‚Äôt have any competition yet.
1517612994565492740,ToysOnFire,Fri Apr 22 21:15:08 +0000 2022,-75.74098527,45.26841765,Just posted a photo @ Toys on Fire https://t.co/ELYJgnoBnK
1517612995081347073,_Jayy_H,Fri Apr 22 21:15:08 +0000 2022,-71.0887125,42.3136695,@DimmplesM Facts nigga put some respect on my shit period https://t.co/wgBa2ZYdjD
1517612995584704514,itsonnaflo,Fri Apr 22 21:15:08 +0000 2022,-96.7617535,32.819858499999995,Long love king cap!
1517612995903471616,YvonneCThatsMe,Fri Apr 22 21:15:08 +0000 2022,-95.44648649999999,29.838495,Daily Checklist ‚úîÔ∏è
1517612998604607494,jpep20,Fri Apr 22 21:15:09 +0000 2022,-75.1814775,39.829876999999996,@bjoxyzpdq Haha it is sick of me
1517612998730207232,atx_manny,Fri Apr 22 21:15:09 +0000 2022,-105.0639425,40.564190499999995,"@JaydeSaylor Go for it, I‚Äôll buy them from you after 9/10."
1517612998457802754,LSSFrederick,Fri Apr 22 21:15:09 +0000 2022,-77.418002,39.4320365,"On #EarthDay üåé and every day, we can all do our part to keep our planet healthy and beautiful. Bring your used pens‚Ä¶ https://t.co/CfZTFdgWPa"
1517613000244539398,watwouldmayasay,Fri Apr 22 21:15:09 +0000 2022,-91.53706199999999,41.6473535,at least cash back is an option
1517613000324173824,marquesharveyNB,Fri Apr 22 21:15:09 +0000 2022,-86.1429225,39.7795625,"If you are gambling on USFL games you have a problem, idc."
1517612999632113665,WindyCitySlam,Fri Apr 22 21:15:09 +0000 2022,-88.14251150000001,41.519555999999994,TONIGHT! @WindyCitySlam will be covering @ChiStyleW #BadFriday in Franklin Park! #indiewrestling https://t.co/KohzqFDSJg
1517613001511247873,parsonslibrary,Fri Apr 22 21:15:10 +0000 2022,-84.09114116,34.01339379,No books but lots of fun at Parsons ES this afternoon! @ Parsons Elementary School https://t.co/8JObkJnQrR
1517613002366803968,danwarren6,Fri Apr 22 21:15:10 +0000 2022,-79.2725695,43.629311,@DannieD2112 @PalmateersM Omg Dannie u such a tease lol
1517613002547032064,T_Stant,Fri Apr 22 21:15:10 +0000 2022,-111.19486,45.743828,This Johnny Depp shit giving me PTSD flashbacks üòÖ
1517613003084111872,paulpuckerin,Fri Apr 22 21:15:10 +0000 2022,-90.011008,29.982601,@RepSwalwell @TuckerCarlson Kinky
1517613002844823552,DaGr8Brendinni,Fri Apr 22 21:15:10 +0000 2022,-120.882482,47.273022,"@ThroughHisEyesP Stormy sunset on Hood Canal, WA https://t.co/lx0kqCaoyW"
1517613004023427072,dbm422,Fri Apr 22 21:15:10 +0000 2022,-122.5934165,47.325449500000005,@galleg000s It was wet and chewy
1517613004296278016,kmjmae,Fri Apr 22 21:15:10 +0000 2022,-100.0768885,31.1688935,"@IndyAuntie @gtconway3d ""Gilded Age"" re revenge?"
1517613004661141506,GoBlueClippers,Fri Apr 22 21:15:10 +0000 2022,-71.44408,41.96374,Clippers trail at the end of 2 https://t.co/FXtDBBSIJ2
1517613006087237644,ThePlugWife_,Fri Apr 22 21:15:11 +0000 2022,-72.56376,42.010745,@MamaDoms85 @MNGdynasty Okkk!!! I‚Äôll grab some more too
1517613006355505153,tmj_clt_writing,Fri Apr 22 21:15:11 +0000 2022,-80.9247346,35.2294139,"Join the Emerson Electric Co team! See our latest #SkilledTrade job openings, including ""Service Center Technician""‚Ä¶ https://t.co/NuvRvn9xVy"
1517613005567053824,NuclearHazelnut,Fri Apr 22 21:15:11 +0000 2022,-100.0768885,31.1688935,"Picture taken by Apollo 17 in 1972, marking the 1st time astronauts were able to photograph the south polar ice cap‚Ä¶ https://t.co/UBj0kJMNbB"
1517613006754127874,ImRobKelly2,Fri Apr 22 21:15:11 +0000 2022,-81.9301505,28.9235805,@ApartmentBoss Nothing better.. https://t.co/js9gYVM6dZ
1517613007194402816,tmj_TN_skltrd,Fri Apr 22 21:15:11 +0000 2022,-84.5249307,35.3234065,This Operations job might be a great fit for you. Click the link in our bio to see it and more. Maintenance Supervi‚Ä¶ https://t.co/xXRbmLv0fc
1517613007525847040,BillShepherd5,Fri Apr 22 21:15:11 +0000 2022,-82.6694675,40.365159500000004,@MinnieMouseSuit @mouse_parody Lift. Your skirt. Wipe it out and piss on the FOOL..
1517613007739703296,baby_fajita,Fri Apr 22 21:15:11 +0000 2022,-97.71558250000001,26.196365,i need to go to mcallen after work who is going w me i don‚Äôt wanna drive alone
1517613007194378240,MultiverseTom,Fri Apr 22 21:15:11 +0000 2022,-94.5592815,39.1000485,BrickRick. #Lego #ahGeez #RickandMorty #PCKC #PlanetComicCon https://t.co/YFPKyayB8p
1517613008586895360,BobFoolery,Fri Apr 22 21:15:11 +0000 2022,-118.4119065,34.0207895,@JamesCarradin1O @MinnieMouseSuit @mouse_parody Corporations are people too. It's a basic tentative conservative ideology.
1517613008880558083,terintinojones5,Fri Apr 22 21:15:11 +0000 2022,-83.099288,42.3527865,@lilmisskay_ follow back üñ§
1517613009052577794,DHarder913,Fri Apr 22 21:15:11 +0000 2022,-80.65181799999999,27.986947,I hope so.
1517613010449170432,larenard,Fri Apr 22 21:15:12 +0000 2022,-115.223125,36.232915,@Sarahelx_ And a dust storm has blown the power here......
1517613009899859969,ChadBlue83,Fri Apr 22 21:15:12 +0000 2022,-84.6564475,38.989258,A flying chair slams into a Vermont State Police cruiser and Jim Ross and Jerry Lawler are here to talk about it. üò≥‚Ä¶ https://t.co/r0ckyjKEu3
1517613010696773632,RMB2,Fri Apr 22 21:15:12 +0000 2022,-87.6991955,42.045437,Who is that?  I have no idea. Its time for me to get back here. ‚ù§Ô∏èüôèü§ò#thismamahad2babiesandisnot30yrsold üëô https://t.co/JqanYi89cc
1517613013104087041,tmj_cob_auto,Fri Apr 22 21:15:12 +0000 2022,-105.084423,40.5852602,Join the Penske Truck Leasing team! See our latest job opening here: https://t.co/W7XrbKU3iW #gopenskecareers #Automotive
1517613014085558278,EProd_Careers,Fri Apr 22 21:15:13 +0000 2022,-95.3698028,29.7604267,"If you are a highly motivated achiever with a passion for success, we invite you to learn more about Enterprise Pro‚Ä¶ https://t.co/TxRuK9u7YY"
1517613015058763778,SoftSide1,Fri Apr 22 21:15:13 +0000 2022,-76.62048200000001,39.284712999999996,"@Lovisthekey1 @dionnewarwick @SGAR_MD Thank you so much, Janey b! üß°"
1517613015360753665,KrystleEmerald_,Fri Apr 22 21:15:13 +0000 2022,-73.9685415,40.780709,Always valid
1517613016170196993,Denver2Duval,Fri Apr 22 21:15:13 +0000 2022,-104.8646225,39.577132,@CBSSports Gary Payton
1517613016560422912,PirateMike911,Fri Apr 22 21:15:13 +0000 2022,-81.35565978,42.95986938,@chorkins What did she do?
1517613016115724289,Ladybug4747,Fri Apr 22 21:15:13 +0000 2022,-82.961163,34.694002,@MegScott2229 in reference to our earlier conversation I was just picking on Mr A. https://t.co/vNx8fb7dox
1517613017218777088,tucker_pug,Fri Apr 22 21:15:13 +0000 2022,-119.30660750000001,37.2691755,@TracieN45821058 Why thank you!! ‚ù§Ô∏è
1517613017604804610,iAmThinkingRich,Fri Apr 22 21:15:13 +0000 2022,-84.433106,33.7671945,@_DuRantandRave_ Damn now that i think about it
1517613017898405889,alexameri65,Fri Apr 22 21:15:14 +0000 2022,-81.5167515,41.0808775,Me every day
1517613017558564866,MischievousLiz,Fri Apr 22 21:15:13 +0000 2022,-83.804475,27.698681999999998,"Anti-gun nuts are like,""THESE FIREARMS SHOULDNT BE IN CIVILIAN HANDSü§Ø""Like I could operate them with my feet?!?‚Ä¶ https://t.co/u6RAVzud4x"
1517613018934394883,gabbyrking,Fri Apr 22 21:15:14 +0000 2022,-85.385497,32.636396,college degrees open a lot of doors: unpaid internships :))
1517613018795978753,ballinandy24,Fri Apr 22 21:15:14 +0000 2022,-95.44648649999999,29.838495,"Going on 9 years, netflix has had nothing but atrocious things outside of maybe 4"
1517613020016435201,maiaakiva,Fri Apr 22 21:15:14 +0000 2022,-118.2445,34.0564,Just posted a photo @ Online https://t.co/gt7ybsibUC
1517613020083625984,UpTownRadio414,Fri Apr 22 21:15:14 +0000 2022,-87.92086,43.01203,Just posted a video @ The Pulse of the city https://t.co/jpT134wJ2w
1517613020679217153,feach23,Fri Apr 22 21:15:14 +0000 2022,-74.15394699999999,40.572376000000006,@ZDOLLA24 @OGV2KGOAT @Boxciii So then please explain what it means
1517613020683325440,UptainJake19,Fri Apr 22 21:15:14 +0000 2022,-86.9507025,34.793336499999995,"@tomhouse Mr Charlie Rogers here in Huntsville Ala has a remarkable ability to teach the mental side of pitching, r‚Ä¶ https://t.co/fpOBr0GAFC"
1517613021433978881,thechaneltapper,Fri Apr 22 21:15:14 +0000 2022,-118.4119065,34.0207895,@Smoove00777 you can‚Äôt use that emoji anymore
1517613022445027328,mikewichter,Fri Apr 22 21:15:15 +0000 2022,-71.683502,42.036939000000004,"From my customer service days, I can tell you the answer is both."
1517613022998671361,wayneraasch8,Fri Apr 22 21:15:15 +0000 2022,-100.0768885,31.1688935,Fla gov(R) pushing Disney around; might move to Texas? Not if Texas gov(R) Abbott is as wacky
1517613024487612417,ipee_blacklabel,Fri Apr 22 21:15:15 +0000 2022,-73.9685415,40.780709,@DialogueSuperb rabies?
1517613025498382336,dead_inside_154,Fri Apr 22 21:15:15 +0000 2022,-80.18183450000001,38.9201425,@Talon_hearts @Kaleb86616614 I call top~
1517613027197075456,calliestarnes,Fri Apr 22 21:15:16 +0000 2022,-85.9785995,35.8305215,"@KateSmithLive I hate to tell you, I‚Äôm almost 9 years in and that doesn‚Äôt come back. But, morning snuggles are the best."
1517613028598030340,iAmWilabeOuiYay,Fri Apr 22 21:15:16 +0000 2022,-79.42086499999999,38.003375500000004,"""Chained To The Rhythm"" for #EarthDay2022 üêæüåêüë£ Today 04-22-22 but i could listen ahh 1,000 times üòª #kittycat‚Ä¶ https://t.co/qx9twCBBTH"
1517613027507462144,LanaFontenot,Fri Apr 22 21:15:16 +0000 2022,-92.0611765,30.206079000000003,@southlacc‚Äôs Auditorium was filled with great partners to hear an update about the region‚Äôs 55 By 25 initiative‚Äî-AN‚Ä¶ https://t.co/NHdF1ahEHr
1517613030472830977,mchaesthetics,Fri Apr 22 21:15:17 +0000 2022,-74.696936,40.1487165,@LittleBabieH Amazing
1517613028753043456,k11ngm1dasXXX,Fri Apr 22 21:15:16 +0000 2022,-122.630908,45.536402,I don‚Äôt understand how y‚Äôall be catching this angle. My whole ass and thighs block the view of this 8 inch plasdick‚Ä¶ https://t.co/9peQ0EYXcO
1517613030091108353,KOZMIKRAIZ,Fri Apr 22 21:15:16 +0000 2022,-119.827182,39.512436,This is when you find out‚Ä¶‚Ä¶.                          you‚Äôre really not constipated after all. üí© https://t.co/JkTXpfopb5
1517613030745550850,felis2458,Fri Apr 22 21:15:17 +0000 2022,-75.117998,40.0048655,@82_haley Not where I live. I'm in PA.
1517613031701848072,slaphappycookie,Fri Apr 22 21:15:17 +0000 2022,-82.9294185,42.376424,@The_4KChef So I live in Detroit USA help a brother out lol good movie
1517613032360325120,mikey_b1977,Fri Apr 22 21:15:17 +0000 2022,-81.2487865,42.9488405,@steveof101 @WSIB_Paralegal Hahah declined
1517613033425670147,InternationalEA,Fri Apr 22 21:15:17 +0000 2022,-73.8494415,40.8503475,I have nothing against people who eat meat. They just assume I care about the animals when I tell them I don‚Äôt eat meat‚Ä¶.
1517613033572380672,smenor,Fri Apr 22 21:15:17 +0000 2022,-112.12467649999999,33.5528625,@SiebeforORD1 @EclecticRadical @jeffchao228 @bababoboo @LeftwardSwing @WalkerBragman @peterdaou Truly
1517613032947412992,FlyersOllie,Fri Apr 22 21:15:17 +0000 2022,-117.104989,32.810012,"Majorie Taylor Green is either a liar, the stupidest person on earth, or both?!?!  I am SHOCKED!!!!!!  SCHOCKED!!!!!"
1517613033597677570,lacygracy01,Fri Apr 22 21:15:17 +0000 2022,-96.7349005,33.061242500000006,"A couple of days late, but my girlies are 10 months!  So fun to see them a couple of weeks ago, if only for one nig‚Ä¶ https://t.co/P42pym8ect"
1517613036328083461,imperfecto___,Fri Apr 22 21:15:18 +0000 2022,-77.085747,35.120205,"don‚Äôt matter how much money my mama make, she gone complain about the price of something. üòÇüòÇ"
1517613037229944832,ClaytonNeville,Fri Apr 22 21:15:18 +0000 2022,-96.7617535,32.819858499999995,Governor Abbott Statement On Missing Texas National Guard Soldier In Eagle Pass...@570KLIF @WBAP247NEWS https://t.co/5UuO5j5wTf
1517613038945378305,jerkinjerky,Fri Apr 22 21:15:19 +0000 2022,-77.846013,39.3110565,"@R_Barnes407 You can basically get the same house, but with river and lake access that would be 700-mil for 300s ü§£‚Ä¶ https://t.co/Hyw0ppHAfj"
1517613038945320961,NewarkNJPolice,Fri Apr 22 21:15:19 +0000 2022,-74.184848,40.734494,"Police Arrest Bryant Dudley, 36, of Newark, for Aggravated Assault, Robbery and on Warrant for 4-16-22 Burglary at‚Ä¶ https://t.co/a5fc5woLCR"
1517613039880613899,PeteyPablo623,Fri Apr 22 21:15:19 +0000 2022,-119.165389,34.181956,@10NewsMecija @10News It's sad that romance scam is a thing.
1517613039205457929,rayteodora1,Fri Apr 22 21:15:19 +0000 2022,-73.7994935,41.669921,"Bases loaded, one out https://t.co/rbcO3VtD7H"
1517613038676938752,KadenFord8,Fri Apr 22 21:15:18 +0000 2022,-96.7617535,32.819858499999995,"Gotü•àin the Mens high jump, and advancing to the Regional Championships next week at Texas A&amp;M Commerce.‚Ä¶ https://t.co/g7iXx9YgrH"
1517613040635715584,terintinojones5,Fri Apr 22 21:15:19 +0000 2022,-83.099288,42.3527865,@vlonelyjewel follow back üñ§
1517613041696845834,delabadu,Fri Apr 22 21:15:19 +0000 2022,-84.433106,33.7671945,@Lastkinginin Bitchhhhhhhhhhhh I just fell tf outttttttt
1517613041965314048,ShawnFinchum,Fri Apr 22 21:15:19 +0000 2022,-83.9638415,35.9824705,What pronoun should use for you ?
1517613041587736576,ComrieQuinn,Fri Apr 22 21:15:19 +0000 2022,-80.1783915,26.03968,"@SpaceNer1 @DrGJackBrown So, the rumor/theory/gossip stays a perfectly cromulent one. https://t.co/EXymWp6XlV"
1517613041038331905,ToxikThorn,Fri Apr 22 21:15:19 +0000 2022,-80.8172445,41.2353315,"Yo, @cjfaison I'm at work with my #motivated jug. Love it ü•∞ https://t.co/umWuiFpGsh"
1517613042627977216,marymattheyer5,Fri Apr 22 21:15:19 +0000 2022,-97.45574099999999,35.695222,Someone needs to take out Putin and the Kremlin
1517613043001212930,BrigidKaelin,Fri Apr 22 21:15:19 +0000 2022,-85.7223455,38.195555,"Don‚Äôt hate on other people‚Äôs joy, y‚Äôall."
1517613043395575809,gitmo84,Fri Apr 22 21:15:20 +0000 2022,-79.861034,35.1704985,"@GOPChairwoman Yep, could have told you, it's a DemoRat thing."
1517613044875939840,arceyb,Fri Apr 22 21:15:20 +0000 2022,-119.7824645,36.786041999999995,@bernadac_omar What should I wear ü•∞?
1517613045081595905,PinkSeatsPod,Fri Apr 22 21:15:20 +0000 2022,-85.52317149999999,38.305065,"Every good one, ya."
1517613045551357952,Zach76196632,Fri Apr 22 21:15:20 +0000 2022,-82.75401099999999,42.815124499999996,‚öæÔ∏èBryce Wesley takes over the mound switching in from Nettles after giving up a numerous amount of walks with bases loaded.
1517613045593395201,brianjbradley,Fri Apr 22 21:15:20 +0000 2022,-79.9135205,43.2606955,@BenSpurr So well deserved. Good luck!!
1517613045916352512,jewtat2,Fri Apr 22 21:15:20 +0000 2022,-73.999216,40.722169,just spliffed a joint in the bathroom
1517613045861826562,JerryCap,Fri Apr 22 21:15:20 +0000 2022,-79.4463315,43.9965895,@Compound_Cap Yes I don't think it'd trade above $4 billion today.
1517613046134415365,Yung_Spoo22,Fri Apr 22 21:15:20 +0000 2022,-97.1356375,32.70185,If I say it enough. You mfers gon hear me..
1517613046516133892,FI_Inc,Fri Apr 22 21:15:20 +0000 2022,-81.991954,26.642827,We are incredibly excited to partner with @CapeCoralFD to distribute MyID to Cape Coral residence! MyID provides‚Ä¶ https://t.co/CcMXwnKdtJ
1517613047216549890,MikePfeiffer37,Fri Apr 22 21:15:21 +0000 2022,-91.6828545,41.976528,"Home for Sale at 2734 North Center Point Rd in Cedar Rapids$319,900 | 3 Beds | 2 Baths | 1202 SQFT‚Ä¶ https://t.co/HqAAAmlvUZ"
1517613049980588033,IndysPoint,Fri Apr 22 21:15:21 +0000 2022,-80.2333285,25.7823535,"@A1rWick No, he was very quiet and a gentleman."
1517613050072862720,TaraHerren1,Fri Apr 22 21:15:21 +0000 2022,-95.91364200000001,36.1093915,Truth!
1517613049942786049,CarterElliottIV,Fri Apr 22 21:15:21 +0000 2022,-79.42086499999999,38.003375500000004,Few things can make you appreciate the earth more than growing up on a farm.Happy Earth Day! https://t.co/XbsrwiFdPs
1517613051096485888,DDiaz6696,Fri Apr 22 21:15:21 +0000 2022,-119.827182,39.512436,Ordered some new glassesHad these for almost 4 years now
1517613051125583879,bigboyadrian915,Fri Apr 22 21:15:21 +0000 2022,-106.4174305,31.793368,Young thug is so quirky lolü§≠ https://t.co/uji0HZbCeE
1517613051779772416,profangirldown,Fri Apr 22 21:15:22 +0000 2022,-122.551856,47.111487,"Make sure to join us for the ONE year anniversary celebration of my group, Professional FanGirl Posse.‚Ä¶ https://t.co/OrY1vEBoDy"
1517613053130403840,Heather_Caroga,Fri Apr 22 21:15:22 +0000 2022,-111.85839849999999,33.639340000000004,"@Marc3ll0v @veve_official @ecomi_ @DisneyStudios @WaltDisneyWorld The more I look, the more I think it‚Äôs the Queens!"
1517613053164015617,WhoIsSatori,Fri Apr 22 21:15:22 +0000 2022,-83.1738665,32.6782075,Don‚Äôt get to attached
1517613053293916160,tmj_MD_secure,Fri Apr 22 21:15:22 +0000 2022,-76.6806441,39.2401735,"Whether you‚Äôre new to the security industry or an experienced professional, Allied Universal has open jobs for you!‚Ä¶ https://t.co/QLfTMo6Kky"
1517613053562417153,TMdarrow16,Fri Apr 22 21:15:22 +0000 2022,-117.0226945,38.502147,Just watched Onward for the first time and wow what a good movie. I cried at the end lol #onward #DisneyPlus #pixar
1517613054824955910,andrehdj,Fri Apr 22 21:15:22 +0000 2022,-71.683502,42.036939000000004,You can't handle the truth. The new publicants motto!
1517613055705862144,noslen1066,Fri Apr 22 21:15:23 +0000 2022,-99.6809025,41.500729500000006,@az_farms Planter won‚Äôt go in the ground?
1517613055915528192,brookerturner73,Fri Apr 22 21:15:23 +0000 2022,-87.893924,42.036141,Check out Scott's video! #TikTok https://t.co/n85yydrXDJ
1517613056355831808,jensholger78,Fri Apr 22 21:15:23 +0000 2022,-77.8581095,40.7835375,"@SteveOnSpeed wow, I‚Äôm surprised so many people are seeing this Tweet. My point was, kudos on saving a substantial‚Ä¶ https://t.co/XjtLRaRlxE"
1517613056867643395,Nawitaintjah,Fri Apr 22 21:15:23 +0000 2022,-88.728421,34.264073499999995,Nigga foot fell asleep
1517613056880087041,Dorvid4,Fri Apr 22 21:15:23 +0000 2022,-118.4119065,34.0207895,A @guypriley sandwich! #TCMFF https://t.co/X7vKVXRSLA
1517613056536326146,LeeMcCarthyArt,Fri Apr 22 21:15:23 +0000 2022,-79.616073,43.555244,@bravishimaa @_PHart_ @MelShapcott @lucianaguerraok @Lalagarciart @VespertinoVsp @payos_nft @Alittlecrypto2‚Ä¶ https://t.co/koyzbA8OjZ
1517613057328959488,FaltusEugene,Fri Apr 22 21:15:23 +0000 2022,-71.566171,44.00123,"Maybe I will have better luck making this a ""foster fail"" with Roberta üòÑ. We fostered Oreo I posted about a few wee‚Ä¶ https://t.co/jbU1JEDHJS"
1517613058507657216,Custombead,Fri Apr 22 21:15:23 +0000 2022,-92.14274,45.39534,"Just posted a photo @ Turtle Lake, Wisconsin https://t.co/9qGoLE99Mi"
1517613060269170690,GrlgamerSakura,Fri Apr 22 21:15:24 +0000 2022,-84.29966,33.38005,#roses #floralarrangement #floraldesign #redroses #whiteroses @ HummingbirdFlowers https://t.co/W5rfShLo0v
1517613060306968577,tammycd123,Fri Apr 22 21:15:24 +0000 2022,-91.666344,41.932417,"Friday night dinner is 6 oz handcut whiskey marinated steak, 3 grilled or breaded shrimp with a salad and your choi‚Ä¶ https://t.co/HKj8XrkYnf"
1517613060281843712,BanisterNissan,Fri Apr 22 21:15:24 +0000 2022,-76.2958955,36.7632155,This 2016 Toyota 4RUNNER can be yours TODAY! Available Now!‚úÖRemoteless Key-Entry‚úÖBackup Camera‚úÖRemainder of Fac‚Ä¶ https://t.co/tyG4R6T2cI
1517613059816058881,k11ngm1dasXXX,Fri Apr 22 21:15:24 +0000 2022,-122.630908,45.536402,Teach Me how to take your üçÜ?? https://t.co/HF3O5gNVRX https://t.co/dTX1lqVhls
1517613061141680128,randysult,Fri Apr 22 21:15:24 +0000 2022,-83.804475,27.698681999999998,When communists accuse Florida of ‚Äúbanning math books‚Äù; this is what they are referring to. Using a lesson in polyn‚Ä¶ https://t.co/kCb84k9ANa
1517613062106320902,sarahvogel__,Fri Apr 22 21:15:24 +0000 2022,-94.15388899999999,36.186652,@Turtle_Racer i‚Äôm fr. I want tickets so bad
1517613062521507843,ebikeadvocate,Fri Apr 22 21:15:24 +0000 2022,-90.011008,29.982601,Next up will be @Timcast
1517613063129731073,JamarWJackson,Fri Apr 22 21:15:24 +0000 2022,-74.1721936,40.7329296,Group photo @ New Jersey Devils https://t.co/ivmS2wes6J
1517613063226155014,bpellerin,Fri Apr 22 21:15:24 +0000 2022,-86.611411,34.7060265,Slow down enough to ask your body how things feel. https://t.co/xrwg6Gf1Ke
1517613064086032388,selecta_fawteen,Fri Apr 22 21:15:25 +0000 2022,-76.593943,24.074967,I want go Fuckin home so bad beh ‚ÄºÔ∏è
1517613064186646533,chrrrysoda,Fri Apr 22 21:15:25 +0000 2022,-74.066663,40.7180015,i just fell down running in platforms at the subway like LMAO HUH
1517613064362905604,VernonQuaal,Fri Apr 22 21:15:25 +0000 2022,-96.0701905,46.2875235,@CanadianCowMan I thought it was a corn silage pile not a manure pile
1517613064522280964,cammarshallfilm,Fri Apr 22 21:15:25 +0000 2022,-84.895326,39.840571499999996,@XdaC_life @GOTDAYUMMM1 @KurtBenkert Work for passion and purpose. Everything in life aint about profits. Again thi‚Ä¶ https://t.co/UfmVEx4xdW
1517613065411436547,Gaystrychef,Fri Apr 22 21:15:25 +0000 2022,-73.9685415,40.780709,Beautiful stranger is an underrated Madonna song and should be played more
1517613066330025987,OHSNAPitzKhriz,Fri Apr 22 21:15:25 +0000 2022,-95.44648649999999,29.838495,@Lowkeyvs How long have you been here?.
1517613066623586304,Highpriestjerry,Fri Apr 22 21:15:25 +0000 2022,-80.883981,35.410351000000006,93 thst another reason why i want a apartment in charlotte so i can hsve all my books. I have a storage unit in cha‚Ä¶ https://t.co/Ft987ZTDGO
1517613066946547719,TheRealLeeCraft,Fri Apr 22 21:15:25 +0000 2022,-86.791549,36.200008,I hate when you go to a place you've never been to before cause you don't know what to look for to see if something‚Ä¶ https://t.co/gMoXwTETa6
1517613068473102337,paulgeecook,Fri Apr 22 21:15:26 +0000 2022,-117.104989,32.810012,"Attended a terrific panel this morning on the intersections of whiteness, (the suffocating, racialized ideology of)‚Ä¶ https://t.co/4o5ik1eG2h"
1517613066824921089,Jofred98,Fri Apr 22 21:15:25 +0000 2022,-98.5406515,29.417501,Happy Birthday @tacojoe_!!!! https://t.co/M5lk4otopV
1517613069517660161,terintinojones5,Fri Apr 22 21:15:26 +0000 2022,-83.099288,42.3527865,@waytoosexyvee follow back üñ§
1517613069639237634,nxvaehmarie,Fri Apr 22 21:15:26 +0000 2022,-80.271087,25.6994485,This was very Legally Blonde of them
1517613070415286272,AJ91058930,Fri Apr 22 21:15:26 +0000 2022,-100.0768885,31.1688935,@TheAthletic @TheAthleticNBA @ShamsCharania Shorten the regular season already
1517613069660209153,FaltusEugene,Fri Apr 22 21:15:26 +0000 2022,-71.566171,44.00123,"Now they don't want him, because they totally failed, or didn't do training. He still has the puppy habit of ""mouth‚Ä¶ https://t.co/pfcGX8Ehcy"
1517613070792773632,deoteras2,Fri Apr 22 21:15:26 +0000 2022,-80.5806,28.1389,"I hate this Hooman, take me home plz #pet #dogbeach #springvibes @ Canova Beach, Florida https://t.co/k6xc8trFjY"
1517613069853147138,MartySports10,Fri Apr 22 21:15:26 +0000 2022,-87.407937,39.425012,"Busy afternoon at Terre Haute South on this gorgeous Friday night. First up, the Lady Braves are hosting the Lady A‚Ä¶ https://t.co/9zYHzPNMIX"
1517613071480590337,soup_enjoyer_,Fri Apr 22 21:15:26 +0000 2022,-81.657895,36.215092,@nauseousgirl it‚Äôs me
1517613071455297536,CoffeeShopRabbi,Fri Apr 22 21:15:26 +0000 2022,-122.162294,37.7050435,This magnificent thread of ceilings in Muslim holy places is a meditation in itself.
1517613071614763009,rfurio64,Fri Apr 22 21:15:26 +0000 2022,-77.60468399999999,41.1179365,Please help. I need a heart transplant https://t.co/l8yZgB8IJV
1517613072906690560,CoachTonyUCLA,Fri Apr 22 21:15:27 +0000 2022,-76.36227600000001,37.0508965,@CoachTasha Anybody yell ‚ÄúUCLA‚Äù on defense yet?
1517613074664112131,rachdadoll,Fri Apr 22 21:15:27 +0000 2022,-84.433106,33.7671945,i been eating all day omg
1517613073422508034,AshleyDeMoss6,Fri Apr 22 21:15:27 +0000 2022,-84.961588,45.327832,Wine tasting and a dog üíû https://t.co/qrqQE8abDA
1517613076002050050,Metalhair30,Fri Apr 22 21:15:27 +0000 2022,-89.2665075,39.7393005,#PMSUpToSomethingSZN Foxy gets a breast enhancement $Skerrypm
1517613076950011904,ginandtanic,Fri Apr 22 21:15:28 +0000 2022,-87.9672925,43.0567225,@RoninJoey Which means‚Ä¶
1517613077616758784,katseaya,Fri Apr 22 21:15:28 +0000 2022,-122.630908,45.536402,@Waves_of_Green You say ah instead of aw don‚Äôt you
1517613080032673792,rjack2136,Fri Apr 22 21:15:28 +0000 2022,-112.0777,33.4482,Reposting @merriamwebster 'Simulacrum' is the #WordOfTheDay #language #LanguageLearning #MerriamWebster #dictionary‚Ä¶ https://t.co/ld8LlE8DJx
1517613080196173825,abrenderT48,Fri Apr 22 21:15:28 +0000 2022,-122.361212,37.5554355,Tough life https://t.co/x5TsDAGehv
1517613082570334209,AviusAnimaeNFT,Fri Apr 22 21:15:29 +0000 2022,-73.9487755,40.655138,‚Ä¶..there are others among your kind‚Ä¶.exhibiting the signs of our gods‚Ä¶///this world is strange‚Äî‚Äî‚Äîwe have found pieces of home
1517613083480317954,trillxlv,Fri Apr 22 21:15:29 +0000 2022,-117.58193,47.489532,@__viiixviii thank you babe ‚ù§Ô∏èüòõ
1517613083837054979,iAm_Jeremiah,Fri Apr 22 21:15:29 +0000 2022,-84.40979100000001,33.555124500000005,More Than Ready To Drop This Business ‚è≥üìàüìÜ
1517613086001098752,310Jacki,Fri Apr 22 21:15:30 +0000 2022,-118.40899,34.0060125,@HazelandRemy Looks pretty comfy and does not intend to move
1517613086156345344,MauigoonerSC,Fri Apr 22 21:15:30 +0000 2022,-156.4759415,20.8749245,"@someleftfoot @DatFlyDee @LeGrove Ur correct -B4 the gm ""it will take 2-3 windows if u kno what ur looking at.‚Äù But‚Ä¶ https://t.co/3Qbcu6m5Tv"
1517613086638714880,AliBradleyTV,Fri Apr 22 21:15:30 +0000 2022,-122.2317885,47.9599495,TX: @GovAbbott releases statement on the ongoing efforts by multiple agencies to locate a missing @TXMilitary soldi‚Ä¶ https://t.co/p0Xzd3EdWH
1517613086726832129,sass3366,Fri Apr 22 21:15:30 +0000 2022,-95.44648649999999,29.838495,Crisis talks with Madison soon‚Ä¶. https://t.co/hTZKQL8bMQ
1517613087263625216,Michael83169843,Fri Apr 22 21:15:30 +0000 2022,-111.928142,33.392883999999995,@Kathlee71013772 Can we please arrest the pipe bomber already ? enough is enoughü§îüßêüò†üò°
1517613088534638594,ijessegarcia,Fri Apr 22 21:15:30 +0000 2022,-95.158936,29.668301,Y‚Äôall stfu already nobody wants to pay for your fucking gas
1517613088698036224,RukhsanaSukhan,Fri Apr 22 21:15:30 +0000 2022,-123.123581,49.257639,It‚Äôs been clear for eons he is a cultish extremist. Like üôÑ.
1517613088232595456,karmaoptions,Fri Apr 22 21:15:30 +0000 2022,-100.0768885,31.1688935,guys! proud of how much the community is growing! almost everyday for the few years i‚Äôve put in at around 12+ h‚Ä¶ https://t.co/dZryOrbk5w
1517613089625096194,Issacjosephh5,Fri Apr 22 21:15:31 +0000 2022,-100.0768885,31.1688935,mood https://t.co/LbbH34o13U
1517613090279460864,drttalk,Fri Apr 22 21:15:31 +0000 2022,-82.506284,28.017011500000002,@wolfieh20 Wishing I was back there having some of that cake ü§§
1517613090300387336,BodybyMont,Fri Apr 22 21:15:31 +0000 2022,-83.1738665,32.6782075,@JenkinsJaason I should be a fantastical feastüòç https://t.co/ded5jDgkAC
1517613090476421121,tmj_NJ_NURSING,Fri Apr 22 21:15:31 +0000 2022,-75.1441926,39.7662167,"Have you ever had a role like ""Resident Assistant""? What did you like most about that job? #ResidentAssistant"
1517613090602246144,tmj_BUF_adm,Fri Apr 22 21:15:31 +0000 2022,-78.8670861,42.8984058,"Join the Roswell Park Comprehensive Cancer Center team! See our latest #IT job openings, including ""Health Informat‚Ä¶ https://t.co/GlPUKOLUb0"
1517613091063742464,swipah_1242,Fri Apr 22 21:15:31 +0000 2022,-76.593943,24.074967,This a long weekend to drink
1517613091470647296,IceWaterWumbo,Fri Apr 22 21:15:31 +0000 2022,-76.62048200000001,39.284712999999996,It‚Äôs up
1517613092032684036,WHYAMI_TRENDIN,Fri Apr 22 21:15:31 +0000 2022,-83.996909,33.8545135,@DavonHa87108165 @perfectsmileq @Cb2Era When I tell you Barbz are slow asf. This why I don‚Äôt bother cause why doubl‚Ä¶ https://t.co/uVXVkBUwBl
1517613092397486080,jackoglynn,Fri Apr 22 21:15:31 +0000 2022,-122.3306025,47.614817,This is why Brady is the üêê https://t.co/30xvNUOUL0
1517613092808626182,juskeeppushing,Fri Apr 22 21:15:31 +0000 2022,-83.902042,43.436006500000005,I‚Äôm so happy üòÅ I have a job now I just have 2 stack &amp; save. üíµ üí∞ üòÉ
1517613092653383687,beer_fett,Fri Apr 22 21:15:31 +0000 2022,-77.349057,38.9558015,"Another example of people fearful of equality crying about oppression. Maybe consider that lots of people, not just‚Ä¶ https://t.co/GYLSVkthiA"
1517613092934492161,GumboGoon,Fri Apr 22 21:15:31 +0000 2022,-95.12714249999999,29.52619,I can feel the maca pumping through my veins https://t.co/HG1MLBCXvb
1517613093647433730,JoyKaine3,Fri Apr 22 21:15:32 +0000 2022,-87.732013,41.8335845,"@scotthughes1234 @SykesCharlie ""Kevin McCarthy is casually discussing 25th Amendment, telling Trump to resign, and‚Ä¶ https://t.co/ItibABuwrO"
1517613093014097920,RebecaPereiraa,Fri Apr 22 21:15:31 +0000 2022,-72.497865,42.365501,Sunrise Movement @SunriseUMass speakers at today‚Äôs Earth Day rally commented on Chancellor Subbaswamy‚Äôs carbon miti‚Ä¶ https://t.co/ZaRbwLaspa
1517613095983665159,Scottslifeeh,Fri Apr 22 21:15:32 +0000 2022,-80.4764035,43.43024,@Punchmasterr I'm no kangaroo you know!
1517613095341936641,bArtbow,Fri Apr 22 21:15:32 +0000 2022,-106.632718,35.1170025,Mini tacos and margaritas. It‚Äôs Friday üôåüèæ https://t.co/v0Qh68jnFq
1517613097724301316,nefbydesign,Fri Apr 22 21:15:33 +0000 2022,-97.754724,30.323345500000002,My idol follows me on instagram oh shit this is üî•
1517613097841618946,avamariesmusic,Fri Apr 22 21:15:33 +0000 2022,-118.4119065,34.0207895,I was there for you in a way no one else was
1517613098995175425,JediFett,Fri Apr 22 21:15:33 +0000 2022,-70.705693,42.1119705,@RobertONeill31 That's right
1517613100656037888,thechrstianjohn,Fri Apr 22 21:15:33 +0000 2022,-86.1429225,39.7795625,Lewks for Downtown Killroy‚Äôs hangs tonight. üòÖ https://t.co/BCF5n4zhs0
1517613101708988419,Hardtime3015,Fri Apr 22 21:15:33 +0000 2022,-80.926628,33.6311395,@cutigs1 Why is @Trevorlawrencee riding piggy back on that old woman? ü§£
1517613101667045378,terintinojones5,Fri Apr 22 21:15:33 +0000 2022,-83.099288,42.3527865,@Jovi_oovi follow back üñ§
1517613102543609858,burchie_kid,Fri Apr 22 21:15:34 +0000 2022,-83.099288,42.3527865,"Single, double, triple, ‚Äúdoesn‚Äôt matter,‚Äù said #Rockies shortstop Jose Iglesias. Wherever Miggy ends up after 3,000‚Ä¶ https://t.co/kcZMeeVbZ5"
1517613103772483585,tanyat1968,Fri Apr 22 21:15:34 +0000 2022,-97.4636445,35.327467999999996,@Kory_B12C Prayers.
1517613104099737602,why_yet1,Fri Apr 22 21:15:34 +0000 2022,-75.117998,40.0048655,@JeffSBrayAuthor Phone operator for an adult call center
1517613104229670914,D_Blanchflower,Fri Apr 22 21:15:34 +0000 2022,-71.566171,44.00123,@stevehouf Have you ever looked at inflation data?  Recall august 2008
1517613104753954816,dalewstacy1974,Fri Apr 22 21:15:34 +0000 2022,-93.02128350000001,34.4865315,@panama_skyy Damn Doll Yu's SEXXXXY ASF n I Wish I was him...üíØ https://t.co/wtheGDQlIf
1517613105227788288,xx84979191,Fri Apr 22 21:15:34 +0000 2022,-117.8874385,33.739992,Today's drawing enjoy hit them buttons #art #womenpower #ArtistOnTwitter #tattoodesign #drawing #Artists #draw‚Ä¶ https://t.co/fsWvBLPCPQ
1517613106201075712,WhiskeyJosCR,Fri Apr 22 21:15:35 +0000 2022,-91.666344,41.932417,"Friday night dinner is 6 oz handcut whiskey marinated steak, 3 grilled or breaded shrimp with a salad and your choi‚Ä¶ https://t.co/cn6WJzOVUM"
1517613107186704384,chosendevon31,Fri Apr 22 21:15:35 +0000 2022,-96.9729125,28.802534,That‚Äôs my QB1ü•≤ü•π
1517613107396415490,ktpupp,Fri Apr 22 21:15:35 +0000 2022,-83.098691,42.4616995,@NakiaRWallace It got me too... Hope you feel better quickly!
1517613108134653955,sarahvogel__,Fri Apr 22 21:15:35 +0000 2022,-94.15388899999999,36.186652,@Turtle_Racer willing to pay. just not $500
1517613108499410944,hippiedippiesl,Fri Apr 22 21:15:35 +0000 2022,-119.30660750000001,37.2691755,"He gotta a new hairline but the same fonky ass attitude, lmao dudes are bottom tier for real!!"
1517613108553912321,Palolis_R,Fri Apr 22 21:15:35 +0000 2022,-104.92209349999999,39.713563,Now he only needs to stay there for the next 16+ years üòçhttps://t.co/NzSFcq4c8Q
1517613109443244035,JadeandZiggy,Fri Apr 22 21:15:35 +0000 2022,-95.44648649999999,29.838495,Madison Cawthorn. I think Ron DeSantis would ban these things in Florida. GOP all projection
1517613109984337921,FcukNissa,Fri Apr 22 21:15:35 +0000 2022,-80.1783915,26.03968,First of all Naylea gonna swing first and go down the slide and then ima tell shorty momma why !
1517613110663606273,n0butter,Fri Apr 22 21:15:36 +0000 2022,-105.12331950000001,39.685852,people calling me crazy for road tripping coast to coast in a shitbox. Flight prices like this would kill any chanc‚Ä¶ https://t.co/YhxUmXZcuB
1517613110504267778,oscarwulfff,Fri Apr 22 21:15:36 +0000 2022,-121.2506635,38.805335,My doggo is all packed and ready to go hunt some Kodas in the #Otherside world ü¶¥ Been saying these puppies are unde‚Ä¶ https://t.co/DT59IE7KPg
1517613112358227974,__trust1,Fri Apr 22 21:15:36 +0000 2022,-80.045939,32.914424499999996,Y‚Äôall remember being sent a pmoys on Snapchat üò≠üò≠
1517613112425426944,Howard_doodles,Fri Apr 22 21:15:36 +0000 2022,-73.9685415,40.780709,@turkFYI @drew_gmi @moonbirds_xyz Holly big move!
1517613113394216966,JxdvnBuilds,Fri Apr 22 21:15:36 +0000 2022,-95.087029,29.497157,@HannahLouGM More in the territory of horror
1517613113620811778,JimInTheCountry,Fri Apr 22 21:15:36 +0000 2022,-75.61372449999999,40.66612,Cole slaw is fantastic
1517613114128228354,Piel_Oscuraa,Fri Apr 22 21:15:36 +0000 2022,-89.92202900000001,35.1335205,I just wouldn‚Äôt brag about the same thing everyday yall can have that shit. Humble and private shit over here mane ‚ú®üíØ
1517613114061168640,DNAStL,Fri Apr 22 21:15:36 +0000 2022,-90.19852,38.63243,Dictate. Never Accept. üî• ...#Supreme #lilkim #tee Available in store &amp; online! https://t.co/QSGT3I0GLB üõí ...‚Ä¶ https://t.co/qk2dDOOvHl
1517613114916839426,rockblairjohn_,Fri Apr 22 21:15:37 +0000 2022,-78.8954405,35.9909825,@Booooooney Trade the 28th &amp; get burks at 22 &amp; get Pickens 2nd round
1517613115717918720,SavyLeiser,Fri Apr 22 21:15:37 +0000 2022,-87.732013,41.8335845,@EmmaTheGoblin Omg i love this dumb ass game
1517613116158316547,_dawnw81,Fri Apr 22 21:15:37 +0000 2022,-84.433106,33.7671945,Absolutely
1517613115474644992,RabunGOP,Fri Apr 22 21:15:37 +0000 2022,-83.1738665,32.6782075,"Gwen Fink, a member of the @RabunGOP stopped by to listen to @JohnGordonForAG, at a meet &amp; great event held at our‚Ä¶ https://t.co/zhVsABIaGK"
1517613117492060165,SunflowerSmack,Fri Apr 22 21:15:37 +0000 2022,-94.808085,38.886623,@aubrie_kierscht Good luck @aubrie_kierscht you undoubtedly will end of where you are supposed to be. Thanks for su‚Ä¶ https://t.co/UjNCQmCmMI
1517613118385500161,gatowatson,Fri Apr 22 21:15:37 +0000 2022,-96.69093699999999,32.9644845,@libsoftiktok Love it!!  Keep pressing!!
1517613119614369795,daveconte1971,Fri Apr 22 21:15:38 +0000 2022,-73.8494415,40.8503475,@MollyJongFast I‚Äôm blind but I‚Äôm praying there was no G strings involved
1517613120826531844,elmtree916,Fri Apr 22 21:15:38 +0000 2022,-87.732013,41.8335845,@suesswassersee Holy how is that even possible
1517613122739183617,heidi_seidr,Fri Apr 22 21:15:39 +0000 2022,-92.13127399999999,34.7519365,@misfit_barfbag @BernieBitch420 @KamalaIsARacist WTF is your problem? POS
1517613122617589760,dwchasemodel,Fri Apr 22 21:15:38 +0000 2022,-94.736019,29.329238,Dripping over Flip üí¶ üß¥ Let me rub that in for you #speedos https://t.co/XAxVTHdT8r
1517613123418693632,RealEst8Skills,Fri Apr 22 21:15:39 +0000 2022,-118.4119065,34.0207895,"üéâBrandon went from knowing nothing about #realestate to #wholesaling his first house &amp; profiting $12,000!üîëDo you‚Ä¶ https://t.co/c4A2W1qu77"
1517613125721231361,estebang1177,Fri Apr 22 21:15:39 +0000 2022,-111.9650695,41.2177985,signed a lease and bought a 1 way ticket within an hour. It‚Äôs a good life.
1517613125666811910,runnergirl1211,Fri Apr 22 21:15:39 +0000 2022,-71.4356815,42.305097,üëçüëèüòÇüòÖü§≠‚Ä¶ sure wish Tuckums would turn around when he‚Äôs done tanning himself‚Ä¶ then we can confirm what we already know‚Ä¶ https://t.co/v7t6F1AW8t
1517613127319396352,jspector106,Fri Apr 22 21:15:40 +0000 2022,-105.5508905,38.997935999999996,@Kahuna13865809 @jmt1344 @cpmartialarts33 @chuck_pcatitaly @StorkOnTheCork @jladams08030 @skycipher @CBeth579‚Ä¶ https://t.co/n7yWPRbWqq
1517613127826825219,bimbimbebop,Fri Apr 22 21:15:40 +0000 2022,-79.300889,36.087838500000004,@BaronV0nRaschke @Outlaw21Gunner @NiagaraAction Damn right
1517613127940124672,annalaced,Fri Apr 22 21:15:40 +0000 2022,-122.2286855,37.791994,THE PARAMORE SAMPLE !!!!!
1517613128824938496,stayhyphy,Fri Apr 22 21:15:40 +0000 2022,-118.1567105,33.809171500000005,deadlines üí™üèª
1517613128367820800,PrinceodbRuiz,Fri Apr 22 21:15:40 +0000 2022,-111.928142,33.392883999999995,@BarackObama @TheDemocrats @SenateDems @SenatorSinema @SenateGOP @librarycongress @POTUSPress @POTUSADVISORY @GOP‚Ä¶ https://t.co/YGVUMvY2HO
1517613128644710401,ihatezooey,Fri Apr 22 21:15:40 +0000 2022,-85.1939275,34.2667455,happy one week anniversary to me being reported as a missing person because I let my phone die https://t.co/VppBCGWI9I
1517613129739481089,AureliuzRex,Fri Apr 22 21:15:40 +0000 2022,-79.2725695,43.629311,Pineapple on pizza is fine as long as it has other toppings with it especially a protein. Pineapple pizza on its ow‚Ä¶ https://t.co/wuMy4gfXY1
1517613131261956096,terintinojones5,Fri Apr 22 21:15:41 +0000 2022,-83.099288,42.3527865,@KhaelaSimone follow back üñ§
1517613132352569345,BlattJr,Fri Apr 22 21:15:41 +0000 2022,-87.74470600000001,42.034116499999996,Miggy is gonna do it tonight and it will be glorious
1517613132528730115,itsdubie,Fri Apr 22 21:15:41 +0000 2022,-91.06646,30.3878805,allat friendly shi dead
1517613132608413697,dl0burner,Fri Apr 22 21:15:41 +0000 2022,-80.58829800000001,41.060323,As much as I hate kat people are overreacting to his ‚Äúwe in Minnesota now‚Äù comment
1517613132050481153,JhnRiker,Fri Apr 22 21:15:41 +0000 2022,-84.396348,33.757134,Almost time for playoff basketball!  The #Hawks went 4-4 in home playoff games in last season‚Äôs magical run. Toni‚Ä¶ https://t.co/5m1VctXJuq
1517613133057167366,JerradThramer,Fri Apr 22 21:15:41 +0000 2022,-105.2426865,40.023981500000005,"@fuckyouiquit Nope, fuck you. If that wasn‚Äôt in the handbook when I joined, it doesn‚Äôt count. Even if it was, doe‚Ä¶ https://t.co/YP7Y9CuzFs"
1517613133233283072,BarbaraMain07,Fri Apr 22 21:15:41 +0000 2022,-93.3613205,46.441860500000004,Won‚Äôt happen because we are not a country with equal justice for allü§∑‚Äç‚ôÄÔ∏è
1517613133183041536,WETHEKINDOMQ,Fri Apr 22 21:15:41 +0000 2022,-79.861034,35.1704985,@lorijackson294 @BillyIdol @pandoramusic @AGoodDa95954430 @monsters_a_gogo @ilpapitrump @DivinityKop @csteckhan‚Ä¶ https://t.co/PJXmrx3ORQ
1517613134474661889,sportsnut777,Fri Apr 22 21:15:41 +0000 2022,-117.1965255,33.5669805,@MMAJunkie @BellatorMMA @ilimanator Go get ‚Äòem killer!
1517613134701236225,GradolfTeresa,Fri Apr 22 21:15:41 +0000 2022,-122.791854,45.424870999999996,@wynneellyn Psalms91  adultress evil generation Steve gradolf a nd his harlots
1517613134806011905,tmj_FLS_transp,Fri Apr 22 21:15:41 +0000 2022,-82.5452148,27.3996409,"Career tip for landing jobs like ""Front Load Driver - CDL Holder- Great Pay"" in Sarasota, FL. Go on informational i‚Ä¶ https://t.co/dnnENnblEg"
1517613133900222464,Honey00098410,Fri Apr 22 21:15:41 +0000 2022,-80.63113150000001,35.4019815,Feet fetish anyoneüëÄ https://t.co/Du4YuAjCs0 https://t.co/SmSdkfUuhM
1517613135699464192,FlyFrontierJobs,Fri Apr 22 21:15:42 +0000 2022,-104.7977106,39.7773361,"This job might be a great fit for you: Manager, Marketing - https://t.co/dkLG1RF8of #Marketing #Denver"
1517613137712717824,tmj_sjc_labor,Fri Apr 22 21:15:42 +0000 2022,-121.9695488,37.7739234,"Join the UPS team! See our latest job opening here: https://t.co/W1sURlsuAt #Labor #SanRamon, CA"
1517613138337751040,Karlajamz,Fri Apr 22 21:15:42 +0000 2022,-78.8954405,35.9909825,@coachNikoMedved So handsome in their suits! ü§µüèæ
1517613138442539008,mistahbuhau,Fri Apr 22 21:15:42 +0000 2022,-121.9552285,37.280837000000005,@katrinagulliver Of course you did.@TEDTalks is very white. And very basic.
1517613137700261888,CaffExcursions,Fri Apr 22 21:15:42 +0000 2022,-87.732013,41.8335845,Just realized that yesterday was my Chicagoversary! I've been here for 365 days - can't wait to see what year 2 in‚Ä¶ https://t.co/d1syE8VMmY
1517613138882940928,jawshonthebeat,Fri Apr 22 21:15:42 +0000 2022,-121.64173650000001,37.128856999999996,@CandaceFeelz Yeah shoot me a dm
1517613140304965635,wittmann_donna,Fri Apr 22 21:15:43 +0000 2022,-85.285191,34.969897,@TwiShortsYT Statue of me
1517613140267180040,_sen_sharmila,Fri Apr 22 21:15:43 +0000 2022,-71.112377,42.3781975,"Data, R2-D2, and C-3PO were pioneers and trendsetters. ü§ñRead an excerpt from The End of Astronauts by‚Ä¶ https://t.co/DWwlt4Y1R7"
1517613141198204928,SharonJWright1,Fri Apr 22 21:15:43 +0000 2022,-111.9650695,41.2177985,@BaddCompani @bright8694 @YouTube It doesn't matter she will win!! This country has no laws only Liars and cheaters‚Ä¶ https://t.co/FaUoyBrr9N
1517613141550583816,TotalTrafficDC,Fri Apr 22 21:15:43 +0000 2022,-76.99497,38.87894,Accident in #SeWashingtonDc on SE-SW Fwy / I-695 EB near 8th St SE [Exit1D] #DCtraffic https://t.co/wIfGMoe2R2
1517613141550678017,TotalTrafficABE,Fri Apr 22 21:15:43 +0000 2022,-75.5642,40.59808,Accident. Left lane blocked in #Lehigh on Rt-22 EB between Rt 309 and Cedar Crest Blvd #traffic https://t.co/oKwuiejqFB
1517613141542281217,TotalTrafficATL,Fri Apr 22 21:15:43 +0000 2022,-84.53735,33.97992,Closed due to road surface collapse in #Marietta on I 75 NB between Canton Rd Conn (GA-5)/Exit 267 and I-575/Exit 2‚Ä¶ https://t.co/ZybmwYVTHc
1517613141554778116,TotalTrafficAUS,Fri Apr 22 21:15:43 +0000 2022,-97.66895,30.21863,"Accident in #Austin on TX-71 EB at Thornberry Rd, stop and go traffic back to Woodward St #ATXtraffic https://t.co/8laei8iLor"
1517613141550579712,TotalTrafficDFW,Fri Apr 22 21:15:43 +0000 2022,-97.14934,32.76025,"Disabled vehicle. Right lane blocked in #Arlington on I-30 EB at NW Grn Oaks Blvd, stop and go traffic back to East‚Ä¶ https://t.co/HT14QUW1Qf"
1517613141823303680,TotalTrafficHOU,Fri Apr 22 21:15:43 +0000 2022,-95.3709,29.88981,Accident reported in #NorthSide on The Hardy Tollroad Frontage Road SB after Gulf Bank Rd #traffic https://t.co/vuUN2yElDh
1517613142007758855,TotalTrafficNYC,Fri Apr 22 21:15:43 +0000 2022,-74.19516,40.36247,"Accident. One lane blocked in #Holmdel on RT-34 SB at Roberts Rd, stopped traffic back to Ashley Dr #traffic https://t.co/cLJ9IKsg5n"
1517613141991075846,TotalTrafficLA,Fri Apr 22 21:15:43 +0000 2022,-117.4709,34.3087,"Crash on right shoulder in #CajonPass on I-15 NB at Hwy 138, stopped traffic back to Duncan Cyn Rd/Exit 118‚Ä¶ https://t.co/sETzJZfJTs"
1517613142007861251,TotalTrafficCLE,Fri Apr 22 21:15:43 +0000 2022,-81.53211,41.09166,Accident in #WestHl on W Market St EB at Oakdale Avenue #traffic https://t.co/IXfI2jHBEJ
1517613141999460352,TotalTrafficPOR,Fri Apr 22 21:15:43 +0000 2022,-122.6545,45.70561,"Accident. Right lane blocked in #SalmonCrk on I 5 NB approaching NE 117th/Salmon Creek, stopped traffic back to WA-‚Ä¶ https://t.co/qLURyddeNa"
1517613142011961345,TotalTrafficCIN,Fri Apr 22 21:15:43 +0000 2022,-84.26526,39.35549,"Accident. Right lanes blocked in #Warren on I 71 NB before OH-741/Kings Ml Rd/Exit 25, stop and go traffic back to‚Ä¶ https://t.co/HfQPLWmXEC"
1517613142125252613,TotalTrafficGRR,Fri Apr 22 21:15:43 +0000 2022,-85.57496,43.21453,Accident reported in #Kent on US-131 SB at 17 Mile Exit 104. Reported by Police #traffic https://t.co/xxSCs7Byx1
1517613142024634373,TotalTrafficTUL,Fri Apr 22 21:15:43 +0000 2022,-95.9225,36.14781,Accident in #Tulsa on E 11th St S east of S Yale Ave. Reported by Police #traffic https://t.co/aSW1zAFDFs
1517613142225862657,TotalTrafficCMH,Fri Apr 22 21:15:43 +0000 2022,-83.14085,39.82466,Accident cleared in #Franklin on I-71 (Southside) SB after US 62/SR 3. Reported by Tip Line #traffic https://t.co/hylMo0WgFI
1517613142557163521,suestroud,Fri Apr 22 21:15:43 +0000 2022,-123.42183800000001,48.5819835,Crypto is crime &amp; a nightmare for the environment. Money launderers love it.
1517613142523719682,iwaspoisoned_,Fri Apr 22 21:15:43 +0000 2022,-71.5520873,42.2093735,"Lucky Charms - Hopkinton, Massachusetts - On 4/16/22 after eating two bowls of Lucky Charms I started having severe‚Ä¶ https://t.co/XpwnB3RYmj"
1517613143773560839,swaggaa13,Fri Apr 22 21:15:44 +0000 2022,-73.54055650000001,40.690278500000005,@WillChiarucci Never retire that rags number
1517613144386023425,TotalTrafficHOU,Fri Apr 22 21:15:44 +0000 2022,-95.37043,29.89366,Stop and go traffic in #NorthSide on The Hardy Tollroad SB between Aldine Mail Route and Little York #traffic https://t.co/vuUN2yElDh
1517613144767709185,zep90,Fri Apr 22 21:15:44 +0000 2022,-89.014027,42.5530415,I've been craving a gordita from azteca all week
1517613144637595648,TotalTrafficLA,Fri Apr 22 21:15:44 +0000 2022,-117.7166,33.86624,Big Rig Accident. Three right lanes blocked. in #YorbaLinda(WEST)/AnaheimHls(EAST) on 91 (SR-91 Riverside Fwy) WB a‚Ä¶ https://t.co/vFtTt6Nw7o
1517613145442983952,DubbysBurner,Fri Apr 22 21:15:44 +0000 2022,-83.1433925,40.0408125,@_whoisdez @Rich__215 Stfu dez
1517613146357346307,sonofnels,Fri Apr 22 21:15:44 +0000 2022,-77.0143985,38.898602999999994,This is the worst possible time and place for this to be happening and I can‚Äôt imagine it is not on purpose
1517613147108134912,Spiher,Fri Apr 22 21:15:44 +0000 2022,-71.0887125,42.3136695,On my way to #Houston for some #LCS Spring Finals action!Still open for meetings throughout the weekend. Let's co‚Ä¶ https://t.co/kKc5NIoXlB
1517613148144029699,Sony12Play,Fri Apr 22 21:15:45 +0000 2022,-84.433106,33.7671945,@psorden @BandB_CBS Unfortunately! üôÑ
1517613149037412352,Questor50656921,Fri Apr 22 21:15:45 +0000 2022,-83.1738665,32.6782075,@sankaransimp Thank you for your incite. Always willing to learn more each day. Seems a bit of a waste otherwise.
1517613149020725252,N9XTN,Fri Apr 22 21:15:45 +0000 2022,-87.732013,41.8335845,"A few Midway arrivals holding for thunderstorms, plus my departure @flightaware @FlightAwareADSB https://t.co/AE35N1TCdP"
1517613149796585474,RealBryceQuartz,Fri Apr 22 21:15:45 +0000 2022,-73.9685415,40.780709,I still can‚Äôt believe I‚Äôm about to serve the world the gayest and raunchiest underground music video and mixtape of the year üò™üò™üò™
1517613150098632705,jonkay,Fri Apr 22 21:15:45 +0000 2022,-79.2725695,43.629311,@headspace4rent @wrdsb Because they claimed that it put the identity of students at risk. And if they were going to‚Ä¶ https://t.co/sXjFQp8dOW
1517613150886981632,UnhingedSkill,Fri Apr 22 21:15:45 +0000 2022,-122.2784865,37.758798,@Scarzig Got cha. Can't wait to see your joy. Lol
1517613151197417472,slvkmtz,Fri Apr 22 21:15:45 +0000 2022,-118.346138,33.914068,I bought jose a fishing line and he‚Äôs finally using it today ü•≤
1517613151298142209,KevinLa17106672,Fri Apr 22 21:15:45 +0000 2022,-86.4355085,36.965671,@ThatEricAlper Every Picture tells a Story.
